  , 14496
{ , 990
public , 362
var , 349
new , 272
文件 , 231
return , 213
string , 197
  , 197
方法 , 187
代码 , 178
http , 169
this , 168
t , 167
T , 158
异步 , 156
function , 153
执行 , 134
if , 129
线程 , 128
name , 126
null , 123
class , 111
com , 109
下载 , 105
html , 103
DateTime , 99
get , 98
中 , 91
summary , 91
查询 , 89
p , 89
数据 , 88
Person , 87
类型 , 84
static , 84
div , 84
type , 83
void , 82
url , 82
表达式 , 80
写 , 79
请求 , 79
value , 77
参数 , 76
WriteLine , 74
set , 73
说 , 73
登录 , 72
hi , 70
int , 70
目录 , 70
上传 , 68
using , 68
a , 67
www , 67
对象 , 66
Console , 66
private , 64
list , 63
true , 62
测试 , 60
程序 , 60
param , 60
i , 60
做 , 59
访问 , 59
命令 , 59
Parse , 59
EndTiem , 57
数据库 , 57
C# , 57
方式 , 56
Text , 56
接口 , 56
System , 56
cnblogs , 56
简单 , 56
net , 56
修改 , 55
类 , 55
模式 , 53
object , 53
DbContext , 53
dotnet , 53
博客 , 52
Thread , 52
await , 51
Response , 51
连接 , 51
dialog , 50
Assert , 50
值 , 49
func , 49
false , 49
获取 , 49
点击 , 49
实例 , 49
box , 49
https , 48
localhost , 48
扩展 , 48
验证 , 47
示例 , 47
定义 , 46
ToString , 46
log , 46
操作 , 45
in , 45
MyNullable , 44
时 , 44
发现 , 44
bool , 44
str , 43
e , 43
obj , 42
sql , 42
Singleton , 42
expression , 42
Debug , 42
调用 , 42
张三 , 41
number , 41
单例 , 40
查看 , 40
Student , 40
BirthTime , 40
ajax , 40
注入 , 39
效果 , 39
创建 , 39
学习 , 38
同步 , 38
m , 38
Request , 38
自动 , 37
js , 37
情况 , 37
Func , 37
安装 , 37
nginx , 37
console , 37
新 , 36
Task , 36
._ , 36
github , 36
点 , 36
out , 36
读取 , 36
click , 35
home , 35
UI , 35
singleton , 35
消息 , 35
打开 , 34
后台 , 34
price , 34
发送 , 34
proxy , 34
Add , 34
returns , 34
Data , 33
HttpClient , 33
农码 , 33
p2 , 33
保存 , 33
用户 , 33
生成 , 33
root , 33
属性 , 33
case , 33
text , 33
支持 , 32
script , 32
继承 , 32
Content , 32
Name , 32
rar , 32
web , 32
p1 , 32
标记 , 31
javascript , 31
信息 , 31
默认 , 31
新建 , 31
一生 , 31
input , 31
字符串 , 31
理解 , 31
break , 31
async , 31
NET , 31
异常 , 31
button , 30
ID , 30
文件夹 , 30
09 , 30
throw , 30
删除 , 30
OAuth , 30
逻辑 , 29
Expression , 29
错误 , 29
100 , 29
IMotion , 29
想 , 29
内容 , 29
j , 29
时间 , 29
一步步 , 29
分析 , 29
逆变 , 28
页面 , 28
sex , 28
else , 28
context , 28
推荐 , 28
端口 , 28
assembly , 27
06 , 27
find , 27
href , 27
树 , 27
the , 27
效果图 , 27
配置 , 27
关键字 , 27
List , 27
客户端 , 27
事件 , 26
泛型 , 26
IEnumerable , 26
options , 26
filePath , 26
CurrentThread , 26
ManagedThreadId , 26
提供 , 25
person , 25
成功 , 25
每次 , 25
label1 , 25
赋值 , 25
form , 25
Value , 25
添加 , 25
momoney , 25
10 , 25
断点续传 , 24
显示 , 24
返回 , 24
HasValue , 24
指定 , 24
hasValue , 24
item , 24
data , 24
bytes , 24
Map , 24
App , 23
排序 , 23
zip , 23
链接 , 23
等待 , 23
Web , 23
系统 , 23
加载 , 23
只能 , 23
多个 , 23
first , 23
鸭子 , 23
Now , 23
cd , 23
委托 , 23
Files , 23
思想 , 23
IQueryable , 23
先 , 23
core , 22
传入 , 22
语法 , 22
Sleep , 22
DeathTime , 22
流 , 22
DbSet , 22
BlogUser , 22
编译 , 22
Action , 22
面向对象编程 , 22
double , 22
zhaopeiym , 22
hash , 22
Where , 22
Days , 22
getName , 21
foreach , 21
框架 , 21
db , 21
View , 21
BeginTime , 21
本文 , 21
file , 21
关闭 , 21
开发 , 21
策略 , 21
EF , 21
记录 , 21
选择 , 21
People , 21
Run , 21
函数 , 21
Age , 21
功能 , 21
messg , 21
message , 21
content , 21
输入 , 20
解析 , 20
肯定 , 20
位置 , 20
to , 20
365 , 20
Server , 20
r , 20
感觉 , 20
Count , 20
txt , 20
自定义 , 20
userName , 20
状态 , 20
成 , 20
原型 , 20
Write , 19
需求 , 19
大小 , 19
模拟 , 19
浏览器 , 19
金额 , 19
lambda , 19
回退 , 19
文件名 , 19
阻塞 , 19
设置 , 19
不用 , 19
东西 , 19
++ , 19
title , 19
标签 , 18
插件 , 18
路径 , 18
界面 , 18
BlogInfo , 18
style , 18
money , 18
阅读 , 18
前端 , 18
Linq , 18
ls , 18
可空 , 18
命名 , 18
demo , 18
for , 18
包含 , 18
协变 , 18
80 , 18
鼠标 , 18
left , 18
表单 , 18
window , 18
n , 18
计算 , 18
ul , 18
header , 18
对话框 , 18
fs , 18
as , 18
构造函数 , 18
触发 , 18
request , 18
getInfo , 18
event , 18
ToList , 18
性能 , 17
FileStream , 17
抛出 , 17
l2 , 17
obj1 , 17
服务端 , 17
IUser , 17
折 , 17
单元测试 , 17
age , 17
User , 17
margin , 17
NotImplementedException , 17
QQ , 17
sender , 17
Home , 17
CreateInstance , 17
项目 , 17
返 , 17
config , 17
li , 17
l1 , 17
父类 , 17
子类 , 17
判断 , 17
etc , 17
集合 , 17
&& , 17
interface , 17
服务器 , 17
MapPath , 17
app , 17
两个 , 16
实体 , 16
Create , 16
数量 , 16
版 , 16
EventArgs , 16
user , 16
启动 , 16
HasMany , 16
引用 , 16
演示 , 16
Teacher , 16
19 , 16
ClientId , 16
语句 , 16
唯一 , 16
server , 16
原因 , 16
认证 , 16
空 , 16
接收 , 16
archive , 16
cookie , 16
Context , 16
运行 , 16
top , 16
运动 , 16
mytest , 16
studentRepositories , 16
释放 , 16
Code , 16
作用 , 16
篇 , 16
改变 , 15
真的 , 15
身份 , 15
haojima , 15
d , 15
转 , 15
Length , 15
退出 , 15
nuget , 15
fileName , 15
l , 15
MapKey , 15
Sina , 15
Mock , 15
Ctrl , 15
on , 15
conf , 15
result , 15
设计模式 , 15
初始化 , 15
code , 15
stream , 15
builder , 15
FormData , 15
基础 , 15
平时 , 15
f , 15
写入 , 15
Client , 15
Core , 15
前 , 15
GetStringAsync , 15
告诉 , 15
byte , 15
Lambda , 15
编写 , 15
有没有 , 15
新增 , 14
